band,min,diff
1000 - 1199,1142.4029731940398,32.706286513467724
1200 - 1399,1325.6605834408292,25.353223547500498
1400 - 1599,1516.282158031269,19.090602667537034
1600 - 1799,1710.6175419145434,15.248101494792293
1800 - 1999,1903.0803549320992,13.582333337240584
2000 - 2199,2092.912304264753,12.250335610858992
2200 - 2399,2283.987637614166,12.446950331950289
800 - 999,952.091496125306,34.5791479459517
