band,min,diff
1000 - 1199,787.0,-1421.5
1200 - 1399,781.0,-1236.0
1400 - 1599,790.0,-1248.4285714285716
1600 - 1799,835.0,-1077.7083333333335
1800 - 1999,890.6666666666666,-891.0952380952383
2000 - 2199,1122.0,-624.2083333333333
2200 - 2399,1413.0,-417.0
800 - 999,718.0,-1535.2476190476193
