band,min,diff
1000 - 1199,1129.2173913043478,-332.0
1200 - 1399,1316.1666666666667,-143.0
1400 - 1599,1506.7272727272727,48.14448051948057
1600 - 1799,1706.75,245.0
1800 - 1999,1897.8090909090909,429.44444444444434
2000 - 2199,2084.0,617.0414417453892
2200 - 2399,2272.5,806.1041666666666
800 - 999,938.5683229813665,-520.7753623188405
