band,min,diff
1000 - 1199,2508.0,1404.8000000000002
1200 - 1399,2465.0,1109.2068965517242
1400 - 1599,2666.0,1105.5
1600 - 1799,2609.0,897.9230769230769
1800 - 1999,2686.0,757.0
2000 - 2199,3003.0,952.0
2200 - 2399,2804.0,515.2105263157896
800 - 999,2255.0,1294.0
