band,min,diff
1000 - 1199,2508.0,1019.5
1200 - 1399,2465.0,1168.6666666666665
1400 - 1599,2666.0,1291.0
1600 - 1799,2609.0,1244.6
1800 - 1999,2686.0,1406.0
2000 - 2199,3003.0,1481.3939393939393
2200 - 2399,2804.0,1683.0
800 - 999,2255.0,573.0
