band,min,diff
1000 - 1199,1129.2173913043478,0.0
1200 - 1399,1316.1666666666667,0.0
1400 - 1599,1506.7272727272727,0.0
1600 - 1799,1706.75,0.0
1800 - 1999,1897.8090909090909,0.0
2000 - 2199,2084.0,0.0
2200 - 2399,2272.5,0.0
800 - 999,938.5683229813665,0.0
