band,min,diff
1000 - 1199,1142.4029731940398,-342.3253613246721
1200 - 1399,1325.6605834408292,-157.91697935864354
1400 - 1599,1516.282158031269,31.66087509106906
1600 - 1799,1710.6175419145434,229.72527237776697
1800 - 1999,1903.0803549320992,416.1591568222411
2000 - 2199,2092.912304264753,606.296525731349
2200 - 2399,2283.987637614166,788.1658916119776
800 - 999,952.091496125306,-530.0868549800203
